cluster_id,n_nodes,n_seed,sum_kzt_internal,top_gids,hypothesis
0,277,1,31856346.24,100000000437046100;100000008477350100;100000006866783100;100000002957787100;100000005910114100,Гипотеза: группа переводов с преобладанием роли «периферия» (120/277 узлов).
1,270,1,10178044.0,100000002578405100;100000001697501100;100000002527114100;100000002733905100;100000001166289100,Гипотеза: группа переводов с преобладанием роли «конечный получатель» (250/270 узлов).
2,148,5,19555090.0,100000003684369100;100000008165763100;100000007908818100;100000008304139100;100000004847758100,Гипотеза: группа переводов с преобладанием роли «конечный получатель» (96/148 узлов).
3,126,0,16339904.0,100000008603629100;100000001857829100;100000002723538100;100000003880331100;100000006977207100,Гипотеза: группа переводов с преобладанием роли «периферия» (82/126 узлов).
4,126,0,24907250.33,100000000331309100;100000000332284100;100000006889963100;100000003741418100;100000006734214100,Гипотеза: группа переводов с преобладанием роли «конечный получатель» (58/126 узлов).
5,125,7,18300397.28,100000003016635100;100000001530983100;100000000490383100;100000004150593100;100000008144528100,Гипотеза: группа переводов с преобладанием роли «конечный получатель» (67/125 узлов).
6,106,4,16242879.02,100000004015047100;100000001616816100;100000005782781100;100000005514161100;100000008748408100,Гипотеза: группа переводов с преобладанием роли «конечный получатель» (62/106 узлов).
7,104,1,21747439.59,100000008710791100;100000008489922100;100000008547948100;100000008517538100;100000002718366100,Гипотеза: группа переводов с преобладанием роли «периферия» (47/104 узлов).
8,61,0,4350466.67,100000005704413100;100000005578559100;100000005473151100;100000008379273100;100000008545727100,Гипотеза: группа переводов с преобладанием роли «периферия» (35/61 узлов).
9,59,1,6772097.0,100000000343175100;100000003115284100;100000008730846100;100000006707582100;100000007998965100,Гипотеза: группа переводов с преобладанием роли «конечный получатель» (31/59 узлов).
10,56,3,13397542.0,100000008547844100;100000008637537100;100000008465789100;100000008466579100;100000003404627100,Гипотеза: группа переводов с преобладанием роли «периферия» (27/56 узлов).
11,55,1,3064863.0,100000001899164100;100000008680731100;100000003265158100;100000002193259100;100000002679516100,Гипотеза: группа переводов с преобладанием роли «конечный получатель» (26/55 узлов).
12,51,0,13990812.0,100000008512827100;100000005242320100;100000008742053100;100000001282143100;100000002748180100,Гипотеза: группа переводов с преобладанием роли «конечный получатель» (30/51 узлов).
13,50,3,4135421.0,100000008346837100;100000005074393100;100000008733194100;100000004004621100;100000001236706100,Гипотеза: группа переводов с преобладанием роли «периферия» (32/50 узлов).
14,44,0,10215968.84,100000005933757100;100000004159526100;100000002605308100;100000001937767100;100000002963189100,Гипотеза: группа переводов с преобладанием роли «конечный получатель» (26/44 узлов).
15,41,3,4888834.28,100000004156082100;100000005339662100;100000004820260100;100000000076451100;100000007131370100,Гипотеза: группа переводов с преобладанием роли «конечный получатель» (24/41 узлов).
16,41,0,5151924.19,100000003242289100;100000008413748100;100000008512552100;100000006225798100;100000003964910100,Гипотеза: группа переводов с преобладанием роли «периферия» (20/41 узлов).
17,30,0,8045494.0,100000008743913100;100000005527892100;100000008710843100;100000001303311100;100000008758168100,Гипотеза: группа переводов с преобладанием роли «конечный получатель» (15/30 узлов).
18,30,1,6513430.0,100000007594394100;100000003854444100;100000008546855100;100000006274203100;100000001049200100,Гипотеза: группа переводов с преобладанием роли «периферия» (13/30 узлов).
19,29,0,446070.0,100000008460102100;100000001164648100;100000004891562100;100000002706810100;100000008715513100,Гипотеза: группа переводов с преобладанием роли «периферия» (27/29 узлов).
20,26,14,2289450.0,100000005382566100;100000004403675100;100000004041163100;100000005668605100;100000005523088100,Гипотеза: группа переводов с преобладанием роли «периферия» (22/26 узлов).
21,20,0,617900.0,100000003154105100;100000001427082100;100000002448088100;100000002185328100;100000000723383100,Гипотеза: группа переводов с преобладанием роли «периферия» (20/20 узлов).
22,18,0,3422800.0,100000003701161100;100000002267998100;100000003718221100;100000008137435100;100000004580202100,Гипотеза: группа переводов с преобладанием роли «конечный получатель» (9/18 узлов).
23,17,1,21586840.0,100000002224132100;100000004603109100;100000004892144100;100000001965374100;100000000594783100,Гипотеза: группа переводов с преобладанием роли «периферия» (11/17 узлов).
24,17,1,2977887.0,100000004160650100;100000004144536100;100000002731501100;100000003616818100;100000004005964100,Гипотеза: группа переводов с преобладанием роли «периферия» (9/17 узлов).
25,15,0,850450.0,100000001526235100;100000001788284100;100000002472632100;100000005505655100;100000002708624100,Гипотеза: группа переводов с преобладанием роли «периферия» (12/15 узлов).
26,15,0,3626010.0,100000008461532100;100000006704530100;100000000791285100;100000003122817100;100000002691583100,Гипотеза: группа переводов с преобладанием роли «периферия» (8/15 узлов).
27,15,0,3436955.0,100000003111305100;100000005171642100;100000004221668100;100000006664478100;100000002152857100,Гипотеза: группа переводов с преобладанием роли «периферия» (9/15 узлов).
28,14,0,1605604.0,100000008213966100;100000007382543100;100000003001661100;100000000838385100;100000004407753100,Гипотеза: группа переводов с преобладанием роли «периферия» (12/14 узлов).
29,13,1,1392916.0,100000001380054100;100000003164661100;100000006232815100;100000005077484100;100000001782980100,Гипотеза: группа переводов с преобладанием роли «периферия» (7/13 узлов).
30,13,0,6748650.0,100000007442518100;100000008258083100;100000000673868100;100000000821507100;100000002911170100,Гипотеза: группа переводов с преобладанием роли «конечный получатель» (8/13 узлов).
31,11,0,3784703.0,100000003004487100;100000002175422100;100000002710570100;100000003557488100;100000001317336100,Гипотеза: группа переводов с преобладанием роли «периферия» (7/11 узлов).
32,10,0,322010.0,100000008172352100;100000000993112100;100000007322059100;100000004552204100;100000002691858100,Гипотеза: группа переводов с преобладанием роли «периферия» (5/10 узлов).
33,10,0,603900.0,100000003635170100;100000004209339100;100000002156381100;100000003321423100;100000002696152100,Гипотеза: группа переводов с преобладанием роли «периферия» (6/10 узлов).
34,10,0,1727065.0,100000005519998100;100000004336312100;100000004017410100;100000004076740100;100000005767403100,Гипотеза: группа переводов с преобладанием роли «периферия» (6/10 узлов).
35,9,0,1406982.0,100000002217161100;100000007647294100;100000001445848100;100000000954884100;100000008254576100,Гипотеза: группа переводов с преобладанием роли «конечный получатель» (5/9 узлов).
36,8,0,2473417.91,100000004906181100;100000008175078100;100000008675322100;100000000557536100;100000008349740100,Гипотеза: группа переводов с преобладанием роли «периферия» (8/8 узлов).
37,8,0,389000.0,100000005507142100;100000002612809100;100000005264874100;100000001825934100;100000002214207100,Гипотеза: группа переводов с преобладанием роли «периферия» (8/8 узлов).
38,7,0,143000.0,100000005911352100;100000004508696100;100000000507799100;100000003962994100;100000005127767100,Гипотеза: группа переводов с преобладанием роли «периферия» (5/7 узлов).
39,7,0,3077000.0,100000002241986100;100000001053894100;100000002594214100;100000004047887100;100000001286703100,Гипотеза: группа переводов с преобладанием роли «периферия» (7/7 узлов).
40,7,0,1765600.0,100000007392365100;100000007865484100;100000008551752100;100000003631015100;100000004976946100,Гипотеза: группа переводов с преобладанием роли «периферия» (7/7 узлов).
41,7,0,1268308.0,100000008011159100;100000006169033100;100000005754335100;100000003888527100;100000006232642100,Гипотеза: группа переводов с преобладанием роли «периферия» (3/7 узлов).
42,6,1,1615030.0,100000008736940100;100000008193577100;100000008751429100;100000008659445100;100000005456919100,Гипотеза: группа переводов с преобладанием роли «периферия» (5/6 узлов).
43,6,1,1527967.0,100000007939160100;100000005183943100;100000000580561100;100000003888271100;100000007930878100,Гипотеза: группа переводов с преобладанием роли «периферия» (3/6 узлов).
44,6,0,2540000.0,100000004717647100;100000004479404100;100000002922000100;100000002659103100;100000001533161100,Гипотеза: группа переводов с преобладанием роли «периферия» (6/6 узлов).
45,6,1,275885.0,100000005895525100;100000002462183100;100000005485830100;100000007175718100;100000005056870100,Гипотеза: группа переводов с преобладанием роли «конечный получатель» (5/6 узлов).
46,6,0,2534500.0,100000003747133100;100000004722765100;100000005075949100;100000002578653100;100000006527156100,Гипотеза: группа переводов с преобладанием роли «периферия» (4/6 узлов).
47,6,0,720900.0,100000008761219100;100000007472293100;100000006638021100;100000008333492100;100000002794374100,Гипотеза: группа переводов с преобладанием роли «периферия» (6/6 узлов).
48,6,1,383300.0,100000004331458100;100000004094958100;100000005363908100;100000005547096100;100000005546031100,Гипотеза: группа переводов с преобладанием роли «периферия» (3/6 узлов).
49,5,0,1189154.0,100000000291906100;100000004670388100;100000000291908100;100000004722630100;100000004691350100,Гипотеза: группа переводов с преобладанием роли «периферия» (4/5 узлов).
50,5,0,172000.0,100000005031696100;100000004659919100;100000001223977100;100000002700161100;100000008461217100,Гипотеза: группа переводов с преобладанием роли «периферия» (5/5 узлов).
51,5,0,338950.0,100000004715209100;100000008190411100;100000003133045100;100000004747154100;100000001498732100,Гипотеза: группа переводов с преобладанием роли «периферия» (5/5 узлов).
52,5,1,2809200.0,100000004135268100;100000002738256100;100000004979498100;100000008571433100;100000007507343100,Гипотеза: группа переводов с преобладанием роли «периферия» (2/5 узлов).
53,5,2,108007.0,100000006562026100;100000007347733100;100000008129393100;100000006249740100;100000006831291100,Гипотеза: группа переводов с преобладанием роли «конечный получатель» (3/5 узлов).
54,4,0,460000.0,100000006069103100;100000000201868100;100000003192220100;100000006787636100,Гипотеза: группа переводов с преобладанием роли «конечный получатель» (2/4 узлов).
55,4,0,518000.0,100000002205022100;100000000629812100;100000003163886100;100000001380107100,Гипотеза: группа переводов с преобладанием роли «конечный получатель» (3/4 узлов).
56,4,1,1404980.0,100000001872484100;100000000785800100;100000008601794100;100000002459163100,Гипотеза: группа переводов с преобладанием роли «периферия» (2/4 узлов).
57,4,0,1595700.0,100000001052945100;100000001131403100;100000004616845100;100000005146665100,Гипотеза: группа переводов с преобладанием роли «периферия» (4/4 узлов).
58,4,0,832800.0,100000003159641100;100000008625905100;100000001065234100;100000002194320100,Гипотеза: группа переводов с преобладанием роли «периферия» (3/4 узлов).
59,4,1,79050.0,100000003148220100;100000001852140100;100000006888238100;100000004971871100,Гипотеза: группа переводов с преобладанием роли «периферия» (3/4 узлов).
60,4,0,332709.0,100000002513028100;100000004610802100;100000002516862100;100000004780083100,Гипотеза: группа переводов с преобладанием роли «периферия» (4/4 узлов).
61,3,1,450000.0,100000000769919100;100000002371751100;100000007018630100,Гипотеза: группа переводов с преобладанием роли «периферия» (2/3 узлов).
62,3,0,553830.0,100000003321895100;100000003692843100;100000002371892100,Гипотеза: группа переводов с преобладанием роли «периферия» (3/3 узлов).
63,3,1,390167.62,100000002781227100;100000002796853100;100000008522127100,Гипотеза: группа переводов с преобладанием роли «периферия» (2/3 узлов).
64,3,0,1557988.0,100000008258458100;100000004035925100;100000008619159100,Гипотеза: группа переводов с преобладанием роли «периферия» (3/3 узлов).
65,3,1,450816.0,100000005034574100;100000007283257100;100000004388983100,Гипотеза: группа переводов с преобладанием роли «конечный получатель» (2/3 узлов).
66,3,0,627870.0,100000004666651100;100000008628231100;100000005664632100,Гипотеза: группа переводов с преобладанием роли «конечный получатель» (2/3 узлов).
67,2,0,761255.0,100000000583220100;100000004586598100,Гипотеза: группа переводов с преобладанием роли «периферия» (2/2 узлов).
68,2,1,30000.0,100000003980083100;100000003200071100,Гипотеза: группа переводов с преобладанием роли «периферия» (1/2 узлов).
69,2,1,81465.0,100000003865939100;100000005392290100,Гипотеза: группа переводов с преобладанием роли «периферия» (1/2 узлов).
70,2,0,584900.0,100000008430691100;100000007330432100,Гипотеза: группа переводов с преобладанием роли «периферия» (2/2 узлов).
71,2,0,857500.0,100000008324800100;100000007390016100,Гипотеза: группа переводов с преобладанием роли «транзит» (1/2 узлов).
72,1,1,0.0,100000000456947100,Изолированный узел; структура по наблюдаемым переводам не определяется.
73,1,1,0.0,100000003265658100,Изолированный узел; структура по наблюдаемым переводам не определяется.
74,1,1,0.0,100000003349739100,Изолированный узел; структура по наблюдаемым переводам не определяется.
75,1,1,0.0,100000003770083100,Изолированный узел; структура по наблюдаемым переводам не определяется.
76,1,1,0.0,100000004021459100,Изолированный узел; структура по наблюдаемым переводам не определяется.
77,1,1,0.0,100000004174835100,Изолированный узел; структура по наблюдаемым переводам не определяется.
78,1,1,0.0,100000005017150100,Изолированный узел; структура по наблюдаемым переводам не определяется.
79,1,1,0.0,100000005087431100,Изолированный узел; структура по наблюдаемым переводам не определяется.
80,1,1,0.0,100000005235389100,Изолированный узел; структура по наблюдаемым переводам не определяется.
81,1,1,0.0,100000005480435100,Изолированный узел; структура по наблюдаемым переводам не определяется.
82,1,1,0.0,100000005495722100,Изолированный узел; структура по наблюдаемым переводам не определяется.
83,1,1,0.0,100000005550592100,Изолированный узел; структура по наблюдаемым переводам не определяется.
84,1,1,0.0,100000005560900100,Изолированный узел; структура по наблюдаемым переводам не определяется.
85,1,1,0.0,100000005568407100,Изолированный узел; структура по наблюдаемым переводам не определяется.
86,1,1,0.0,100000008117324100,Изолированный узел; структура по наблюдаемым переводам не определяется.
87,1,1,0.0,100000008205000100,Изолированный узел; структура по наблюдаемым переводам не определяется.
88,1,1,0.0,100000008513251100,Изолированный узел; структура по наблюдаемым переводам не определяется.
89,1,1,0.0,100000008669037100,Изолированный узел; структура по наблюдаемым переводам не определяется.
90,1,1,0.0,100000008701222100,Изолированный узел; структура по наблюдаемым переводам не определяется.
